site_id,country_code,region_code,parcel_id,suitability,eligible_area_m2,eco_point_factor,eco_points_estimate,nearest_substation_id,source_date,geom
SC-001,DE,DE-NI,P-001,high,10000.0,8,80000.0,S-01,2026-08-15,"SRID=25832;POLYGON((520000 5820000,520100.0 5820000,520100.0 5820100,520000 5820100,520000 5820000))"
SC-002,DE,DE-NI,P-002,high,8800.0,8,70400.0,S-01,2026-08-15,"SRID=25832;POLYGON((520200 5820000,520288.0 5820000,520288.0 5820100,520200 5820100,520200 5820000))"
SC-003,DE,DE-NI,P-003,medium,6000.0,8,48000.0,S-02,2026-08-15,"SRID=25832;POLYGON((520400 5820000,520460.0 5820000,520460.0 5820100,520400 5820100,520400 5820000))"
SC-004,DE,DE-NI,P-004,low,13000.0,8,104000.0,,2026-08-15,"SRID=25832;POLYGON((520600 5820000,520730.0 5820000,520730.0 5820100,520600 5820100,520600 5820000))"
SC-005,DE,DE-NI,P-005,high,12600.0,8,100800.0,S-02,2026-08-15,"SRID=25832;POLYGON((520800 5820000,520926.0 5820000,520926.0 5820100,520800 5820100,520800 5820000))"
SC-006,DE,DE-NI,P-006,medium,9000.0,8,72000.0,S-03,2026-08-15,"SRID=25832;POLYGON((521000 5820000,521090.0 5820000,521090.0 5820100,521000 5820100,521000 5820000))"
SC-007,DE,DE-NI,P-007,excluded,16000.0,8,128000.0,S-04,2026-08-15,"SRID=25832;POLYGON((521200 5820000,521360.0 5820000,521360.0 5820100,521200 5820100,521200 5820000))"
SC-008,DE,DE-NI,P-008,medium,12750.0,8,102000.0,S-03,2026-08-15,"SRID=25832;POLYGON((521400 5820000,521527.5 5820000,521527.5 5820100,521400 5820100,521400 5820000))"
SC-009,DE,DE-NI,P-002,low,2200.0,8,17600.0,S-01,2026-08-15,"SRID=25832;POLYGON((520288 5820000,520310 5820000,520310 5820100,520288 5820100,520288 5820000))"
SC-010,DE,DE-NI,P-003,medium,1500.0,8,12000.0,S-02,2026-08-15,"SRID=25832;POLYGON((520460 5820000,520490 5820000,520490 5820050,520460 5820050,520460 5820000))"
SC-010,DE,DE-NI,P-003,high,1500.0,8,12000.0,S-02,2026-08-15,"SRID=25832;POLYGON((520460 5820050,520490 5820050,520490 5820100,520460 5820100,520460 5820050))"
