parcel_id,country_code,region_code,municipality,land_use,area_m2,soil_type,source_date,geom
P-101,DE,DE-NI,Diepholz,arable,10000,loam,2025-06-01,"SRID=25832;POLYGON((525000 5820000,525100 5820000,525100 5820100,525000 5820100,525000 5820000))"
P-102,DE,DE-NI,Diepholz,arable,10000,sand,2025-06-01,"SRID=25832;POLYGON((525200 5820000,525300 5820100,525300 5820000,525200 5820100,525200 5820000))"
P-103,DE,DE-NI,Diepholz,grassland,10000,,2025-06-01,"SRID=25832;POLYGON((525400 5820000,525500 5820000,525500 5820100,525400 5820100,525400 5820000))"
P-104,DE,DE-NI,Diepholz,arable,10000,clay,2025-06-01,"SRID=25832;POLYGON((525600 5820000,525700 5820000,525700 5820100,525600 5820100,525600 5820000))"
P-104,DE,DE-NI,Diepholz,arable,10000,clay,2025-06-01,"SRID=25832;POLYGON((525800 5820000,525900 5820000,525900 5820100,525800 5820100,525800 5820000))"
P-105,DE,DE-NI,Diepholz,arable,12500,loam,2025-06-01,"SRID=25832;POLYGON((526000 5820000,526100 5820000,526100 5820100,526000 5820100,526000 5820000))"
P-106,NL,NL-GR,Winschoten,arable,10000,clay,2025-06-01,"SRID=25832;POLYGON((526200 5820000,526300 5820000,526300 5820100,526200 5820100,526200 5820000))"
P-107,DE,DE-NI,Diepholz,forest,10000,sand,2025-06-01,"SRID=25832;POLYGON((700000 5820000,700100 5820000,700100 5820100,700000 5820100,700000 5820000))"
P-108,DE,DE-NI,Diepholz,arable,10000,loam,2025-06-01,"SRID=25832;POLYGON((525000 5820000,525100 5820000,525100 5820100,525000 5820100,525000 5820000))"
P-109,DE,DE-NI,Diepholz,arable,10000,loam,2025-06-01,"SRID=4326;POLYGON((8.3 52.5,8.301 52.5,8.301 52.501,8.3 52.501,8.3 52.5))"
P-110,DE,DE-NI,,fallow,10000,peat,2025-06-01,"SRID=25832;POLYGON((526400 5820000,526500 5820000,526500 5820100,526400 5820100,526400 5820000))"
P-111,DE,DE-NI,Diepholz,arable,10000,sand,2027-01-01,"SRID=25832;POLYGON((526600 5820000,526700 5820000,526700 5820100,526600 5820100,526600 5820000))"
P-112,DE,DE-NI,Diepholz,parking,10000,sand,2025-13-45,"SRID=25832;POLYGON((526800 5820000,526900 5820000,526900 5820100,526800 5820100,526800 5820000))"
P-113,DE,DE-NI,Diepholz,arable,10000,loam,2025-06-01,"SRID=25832;LINESTRING(527000 5820000,527100 5820100)"
P-114,DE,DE-NI,Diepholz,grassland,10000,,2021-01-15,"SRID=25832;POLYGON((527200 5820000,527300 5820000,527300 5820100,527200 5820100,527200 5820000))"
